word,guesses
aback,509
abate,577
abbot,850
abled,264
abase,2216
abort,474
abide,2762
abhor,3022
abuse,2407
acorn,2519
admit,84
adept,2169
abyss,3364
acute,4005
adore,407
again,488
admin,1492
acrid,7328
abode,8411
afire,1206
adobe,1025
affix,4447
afoot,4489
actor,1252
about,9591
abbey,10670
aging,1352
adopt,1578
afoul,2247
agora,4578
adage,1764
alarm,974
aglow,850
adorn,720
above,3199
algae,1911
agape,1792
allot,826
alive,2443
along,452
agree,755
adapt,2393
alpha,1460
agile,7432
adult,439
album,4173
alibi,1193
agate,568
allay,446
after,5664
aloof,355
amiss,1635
agony,1009
amber,2935
amuse,106
alert,488
amble,1580
angle,2368
allow,3877
angel,1835
ahead,4180
aisle,4882
alley,2525
annoy,723
aloud,870
anode,1956
alien,1617
agent,13242
aider,223
apple,1166
arise,457
ascot,213
altar,3687
alloy,1528
alter,63
align,1526
alike,3442
attic,902
amend,3153
amity,1131
avoid,283
annex,7484
aloft,1292
angry,665
alone,1684
aphid,668
anger,1069
aping,5156
amaze,586
among,2906
amass,1623
axial,2188
angst,261
ardor,1129
ample,1013
annul,2331
baggy,1385
basal,20
arrow,1475
arena,2646
anvil,1778
arson,942
amply,3363
apron,987
baton,1551
atoll,346
antic,4677
avert,123
anime,2274
ankle,735
apart,338
apnea,2826
aorta,727
awful,831
aroma,1586
apply,1489
aptly,593
arbor,1012
argue,1456
arose,1378
armor,1946
beech,3595
artsy,1623
array,2261
being,568
badly,3523
ashen,1494
assay,1177
atone,1679
aside,4366
barge,1475
avian,415
awoke,135
aunty,2146
asset,8929
audit,1606
batch,1470
beard,23
avail,266
audio,2806
begin,408
bench,82
askew,5289
awake,1054
awash,1074
axion,327
badge,235
await,1359
berry,5311
baler,743
banjo,1267
biddy,1487
augur,3406
axiom,2430
bible,3670
baste,1388
birth,1771
bagel,7626
award,2660
aware,7256
basil,11408
beady,19
baker,207
bacon,40
blare,180
biome,1175
bland,27
bleep,157
azure,1349
banal,1591
bless,1705
beget,1886
balmy,766
basin,435
bloat,1609
below,1068
bluff,1589
bloke,2885
basis,3756
boney,1048
basic,5314
batty,39
bawdy,5926
bayou,3760
boozy,825
befit,674
bezel,4796
beefy,2183
belch,1052
bingo,1356
bound,3198
berth,529
blame,544
beach,5110
brash,996
breed,168
begat,423
blurb,6917
baron,11769
began,5459
bigot,2768
bonus,1045
brink,1816
belie,6152
bleed,2926
bathe,1393
blitz,405
belly,2560
beast,623
belle,2287
broom,1342
buggy,25
bluer,2748
beset,3613
bevel,3143
binge,198
begun,3356
bobby,1291
beret,345
betel,3713
billy,34
bunny,3736
black,565
bleak,287
booze,1978
blade,2675
borne,7389
boxer,75
bison,8664
brave,1134
boule,1891
bilge,5582
bicep,4520
blast,784
blink,3296
bitty,126
bloom,490
bribe,1506
board,589
brisk,525
buxom,6061
birch,2127
bleat,5692
blimp,3819
cache,2587
brand,5505
break,82
blaze,5093
bring,679
brook,561
blank,4196
canal,2049
bliss,3379
blond,3011
blind,1753
blown,939
cargo,1369
budge,1832
caulk,464
booth,7838
blend,2949
chain,1056
chart,106
botch,1312
chess,702
block,1351
brain,492
blood,3944
blush,28
boast,3637
brawn,445
brown,11166
brief,1125
boost,1905
booty,2063
build,973
burnt,142
bough,725
blurt,7074
chime,3689
brake,321
bylaw,898
bread,354
broke,2640
bunch,7025
blunt,4638
chose,1343
caddy,1203
bossy,2958
braid,344
butte,1366
bongo,1282
canny,1751
cinch,2176
brine,3135
brawl,1715
borax,2002
brute,4576
bulky,36
brood,1986
bride,1874
bowel,1692
buddy,656
brass,349
booby,6936
bushy,1506
bully,658
butch,144
cable,52
camel,375
caput,46
clank,4771
bosom,1584
briar,2352
broil,4065
carry,6925
cabin,4212
cater,3650
cacao,9632
clerk,15592
cairn,23
briny,161
cavil,119
brush,446
chalk,553
caper,1726
chasm,715
bulge,2205
clone,2522
chick,550
catch,878
chirp,173
cameo,2904
chafe,3091
chard,314
cello,1349
chump,1969
carat,1984
clued,2416
bused,3256
broth,5995
chaos,2267
catty,1857
brace,7710
cabby,1977
civic,2995
clasp,438
bugle,2400
cliff,840
cloth,618
check,3768
bravo,4210
brick,414
cheek,9086
broad,922
clung,3721
chili,1907
brunt,1470
chord,1065
comfy,2082
chaff,9129
charm,28
cheer,68
color,11330
burly,8367
built,3726
cagey,10672
chill,2495
chore,472
cider,4202
burst,1298
child,9517
canon,1392
cabal,302
cadet,128
clamp,1167
cigar,1684
buyer,4138
cleat,961
clang,1180
cloak,482
canoe,2385
choke,2836
chute,56
carve,192
caste,3203
cease,651
cleft,1418
copse,7180
cedar,530
clown,1304
chant,152
champ,766
corer,8700
cacti,3864
cheap,675
clock,1579
cluck,234
coven,1463
cramp,94
claim,3507
craze,720
clear,585
coupe,3648
chide,2823
candy,2892
chock,256
carol,422
crack,1291
chunk,554
civil,124
cheat,5148
class,183
crave,1052
climb,1649
clink,4036
cocoa,7677
chief,2377
creme,4796
cause,3349
crime,295
clove,1403
colon,7154
chair,897
choir,1258
conic,178
count,101
cloud,2422
condo,2568
churn,1428
creek,4642
clack,516
cross,2753
coyly,1759
could,853
clean,451
crush,851
cried,1586
cling,710
cower,1223
coach,2918
crate,1529
crass,448
creed,281
crony,1057
crick,562
crumb,857
chase,5386
curse,2417
clout,2516
daily,499
coast,560
comic,2914
comma,203
credo,3099
crone,2926
cobra,7828
couch,1050
conch,388
corny,1777
curly,3300
cough,447
covet,1737
crest,2723
cover,1493
covey,1184
dealt,3882
chest,5513
cynic,2994
cruel,4839
crock,617
decor,813
china,805
crash,865
crude,540
cream,227
cress,578
croak,301
datum,2053
chuck,1511
decal,277
curio,2399
crank,2798
cycle,197
crane,3570
crazy,110
dandy,1344
creak,2034
circa,2324
delve,4405
debut,1003
cumin,4837
clash,1352
crown,4210
delay,4299
depth,50
crept,2957
crisp,106
crepe,4523
crowd,604
deter,3258
cubic,2315
dimly,103
crimp,1104
cyber,3747
cutie,1169
click,3593
crypt,1652
close,724
deity,5497
curvy,1757
ditch,3023
clump,1738
comet,175
depot,2203
dicey,176
croup,4071
coral,790
court,170
digit,8575
dance,6338
dally,6197
craft,2357
dirty,677
debit,328
crust,3029
doing,4437
dodgy,1119
dough,625
drake,207
dress,383
dowel,2516
daisy,7238
dirge,6047
droll,607
debug,3632
drank,535
defer,3430
debar,939
drier,687
curve,4030
dodge,1350
denim,923
doubt,104
devil,84
decry,844
dingy,90
diver,33
drool,753
drunk,2838
dusky,304
donut,1622
crawl,7153
deign,3583
dryly,2220
drain,2934
dozen,1494
dairy,5018
drawn,1572
dream,2241
droit,222
dutch,2798
creep,3567
early,905
dense,4320
death,2020
eager,5608
demur,7348
druid,2034
eclat,1386
crier,3737
decoy,3286
diary,3669
edify,4007
crook,957
elder,131
drink,5879
diode,1475
elate,3534
dunce,4835
drove,1763
dying,353
demon,3042
detox,437
deuce,6252
crump,3308
elope,1924
dizzy,3207
email,4542
dopey,1069
ebony,3580
dummy,4497
endow,3226
draft,1564
curry,3878
enemy,2709
diner,4381
ditto,144
dwell,1544
dolly,1315
eking,3981
eaten,1468
envoy,3635
eight,589
downy,1185
elfin,662
emcee,89
elite,2695
error,2145
ensue,1432
daddy,5736
dread,6928
drape,3556
enact,2408
epoxy,7249
dingo,11872
evade,125
drive,766
entry,838
essay,942
drift,1418
erode,794
etude,26
droop,636
every,1074
duchy,243
drown,1907
ditty,2637
exert,2720
daunt,3274
exist,1242
decay,633
erase,4136
duvet,2898
faint,2008
fatty,178
fable,2737
excel,4229
farce,334
felon,742
dumpy,3870
dwelt,291
earth,2143
feign,1680
eerie,503
eying,2393
fetal,617
eater,2873
donor,7261
eject,227
elect,2287
embed,7
ethic,6385
ficus,2236
fanny,2451
delta,7656
fetid,5572
derby,553
fiend,285
dilly,402
filet,1817
elide,2664
filmy,615
enjoy,2983
empty,1056
fecal,2891
equal,663
enter,468
disco,1936
ester,1439
ferry,1729
exact,5604
fizzy,3933
fishy,4551
erect,3244
dogma,3115
flaky,538
flank,1148
extra,2106
flesh,446
dowry,8378
fibre,2800
false,367
filer,870
favor,932
flood,1359
fluid,259
evict,4884
expel,212
drawl,2286
dowdy,3983
drill,817
flier,3617
fence,2052
fewer,277
ethos,4619
dross,966
dully,180
fifty,920
flora,1340
exalt,1458
foamy,5108
flume,2192
exult,1721
dwarf,2863
first,6439
drama,4275
fairy,5308
flake,505
focus,1072
easel,960
finch,3723
fleet,406
force,1800
fault,1232
flock,440
flail,512
femme,123
fetus,94
foyer,1098
dried,2846
flask,1325
egret,2109
fiery,1380
fresh,981
forgo,3224
flirt,970
frame,342
front,1005
filth,1687
fancy,6451
fried,2274
elegy,3814
flout,2849
drone,4372
fjord,2630
flare,260
froth,1586
ember,1251
funky,407
fully,4357
fluff,7501
dryer,1505
fling,1148
ennui,1127
floss,684
gamer,1188
gavel,324
genie,25
flyer,1490
gaffe,2036
flush,4012
feast,5071
gaunt,453
girth,997
dusty,2293
foray,1135
flung,1980
equip,2506
eagle,1026
folio,1650
geeky,2116
gleam,3125
found,2781
foggy,3568
feral,5257
ether,825
gipsy,737
freer,1076
fiber,1051
forte,1597
gloss,1883
edict,1995
golly,433
frank,831
glass,1822
gouge,726
gloom,563
grant,680
evoke,3571
frond,3255
fight,3996
going,2307
extol,1301
finer,498
fugue,1830
elbow,4318
frill,3710
flair,585
elude,268
faith,971
enema,417
frown,907
graze,3669
funny,505
grimy,347
forty,8124
fleck,1738
gamma,447
fauna,1650
fuzzy,2655
float,897
group,1465
goose,4052
gauge,935
guard,714
grain,710
flown,1479
freak,2736
femur,3116
flute,725
fritz,709
gawky,3768
fever,701
fruit,1386
furry,33
gecko,3231
gassy,569
giddy,820
grave,4405
folly,3236
fifth,2965
final,177
forum,1175
flack,858
glare,2296
flash,667
globe,1400
gayly,4442
godly,293
genre,6232
guise,8300
goofy,762
freed,2983
grill,4274
epoch,12974
grail,1023
gypsy,1450
ghoul,2004
grate,187
harpy,417
frock,1436
given,2276
fudge,131
flint,4432
grope,2387
glean,1179
erupt,2188
grief,2767
gruff,1542
flour,1645
glove,1607
haute,3918
groom,2060
guile,2019
heave,1594
glade,5970
gonad,3668
fussy,6532
event,5174
flunk,4966
heron,2125
exile,646
foist,177
forth,348
gaudy,1493
glint,3126
gazer,375
gusto,4451
gourd,2588
hoist,1538
grape,160
hotel,860
humid,105
hussy,152
facet,2887
gnash,2029
giant,2418
gland,779
hardy,3322
gloat,405
gnome,413
fraud,5014
goody,2871
gooey,617
frisk,519
ideal,3359
grade,307
froze,646
gruel,10136
fatal,4104
guild,61
guppy,26
imbue,1012
hater,2531
fella,256
fetch,38
field,123
inert,942
great,6773
happy,1478
graft,2688
furor,2202
grasp,2628
grind,529
intro,1156
gamut,406
gayer,288
hatch,1229
jaunt,507
heard,537
ghost,714
green,1861
grout,1799
giver,1188
filly,4199
groan,947
guava,1767
joist,4327
grass,6892
heart,8398
helix,6612
jumpy,115
greet,573
fixer,1060
groin,387
hitch,706
gulch,1302
horde,316
hover,78
flame,1183
khaki,2641
hunky,1401
flick,1062
floor,235
growl,3643
fluke,261
glide,4306
glyph,155
habit,3192
kneel,2234
guest,2829
harry,2251
hyper,4205
label,2238
focal,3681
igloo,441
haven,961
forge,269
frail,372
hello,8460
gumbo,1999
hoard,50
heavy,925
halve,112
grown,8464
lapse,2580
friar,1731
haste,1642
horny,2318
laugh,2244
goner,8324
frost,2462
hilly,3904
hazel,2462
fungi,768
hefty,1026
guide,4658
incur,6446
hippo,95
lease,1953
honey,395
holly,1948
house,403
hotly,603
legal,1419
inner,1603
gummy,1895
issue,166
humus,1830
gaily,3645
hyena,516
liege,2105
handy,2022
idler,550
hasty,85
howdy,7065
gauze,1068
grace,5627
jewel,2300
heady,404
hurry,524
juice,410
humor,3459
heist,1124
inane,1918
hutch,1154
inlay,105
geese,1965
graph,2158
karma,1706
icily,2291
lingo,3496
girly,1126
greed,937
glaze,247
lobby,1112
hippy,2701
loose,525
irony,3111
honor,2413
hovel,311
hunch,123
loyal,2751
lupus,115
hymen,518
gripe,4064
jerky,3381
idiom,6589
glory,5105
joust,778
macaw,1709
grove,2091
golem,1318
guess,93
impel,1765
knave,8322
infer,190
iliac,8416
maize,1661
idyll,3402
index,961
gully,1991
juror,3302
mango,1717
hairy,1241
kitty,1678
harsh,1678
knock,1262
ladle,180
gorge,5555
havoc,573
input,3846
ionic,6071
inbox,5385
itchy,805
inlet,348
marry,4216
hedge,1331
known,7030
maybe,1712
jazzy,2312
lance,1607
jiffy,2361
later,424
juicy,411
grand,4183
joker,892
lasso,4308
junta,8
hinge,2871
leant,1241
islet,4246
medic,2752
jetty,842
meter,768
mince,719
judge,1462
leafy,4142
leech,3378
leave,947
homer,5019
missy,1872
kinky,5172
moldy,1484
kayak,8575
kappa,4603
gravy,8646
hound,5658
level,6948
lemur,6404
knack,13
lilac,214
knoll,325
lager,266
latch,75
knead,1191
limit,1320
koala,340
leaky,1269
ledge,214
humph,2893
lanky,1668
leper,1060
grime,4273
limbo,784
hydro,1748
knelt,4857
liver,4802
livid,693
labor,655
llama,5260
gross,2871
logic,603
grunt,601
lofty,2390
large,2394
idiot,3240
lover,652
mossy,8268
lathe,5178
lousy,567
layer,565
guilt,707
leash,71
leggy,263
imply,1634
lumpy,2164
gusty,2076
leapt,2962
lodge,6625
ingot,2378
lunar,4027
light,3215
harem,1698
lymph,787
mafia,486
lipid,1254
mammy,226
louse,2368
mourn,6183
muddy,445
irate,3024
local,1671
lumen,1196
lying,4980
manor,2432
jelly,1082
lorry,1169
haunt,4251
heath,354
lusty,1812
matey,1243
leery,6587
madam,1585
jolly,2724
hence,2317
lever,1316
musky,4605
mambo,571
lucid,3245
natal,223
manic,227
lurch,383
madly,4992
linen,1372
junto,2545
mamma,932
macho,2456
mecca,5280
loamy,2047
manly,1637
major,1166
masse,4278
meant,210
kiosk,2597
login,1303
knife,361
newer,4835
mangy,1977
laden,1192
merit,3410
hobby,7070
horse,263
larva,947
match,3754
human,667
marsh,2199
mayor,200
melee,298
husky,1597
lower,4418
metro,875
might,4012
lunch,1365
minus,618
meaty,3613
miner,1411
mogul,322
leach,4269
merge,373
lynch,913
mocha,397
money,166
moral,630
icing,3026
midst,735
least,1612
ninth,8480
magic,2288
motel,1991
lemon,1181
nosey,3028
mouse,2408
liken,2297
image,4850
inept,4
minty,4964
moult,5337
oaken,1328
mulch,1768
modem,1105
manga,4450
offal,1643
mercy,15251
onion,412
mower,2620
musty,1943
lithe,3606
naval,98
moose,2258
organ,1170
inter,4011
maple,3973
murky,4450
midge,7398
ivory,80
minor,96
model,35
mauve,868
moody,1551
newly,2536
noble,77
locus,2691
ovary,2740
loser,151
notch,409
ozone,443
obese,293
offer,103
onset,82
nanny,3657
joint,3599
medal,3439
motto,4660
nerdy,852
lucky,2020
jumbo,1210
pansy,2024
merry,1241
motor,4476
lurid,2120
night,3319
kebab,3432
other,5093
ovate,288
nomad,953
mover,2695
nutty,59
kneed,478
munch,788
movie,5539
nadir,761
pasta,6165
payee,63
octet,2343
milky,5951
paddy,2625
macro,4548
needy,1132
maker,193
pence,537
mania,557
olive,1371
optic,599
mirth,2142
niche,1868
mural,3916
mason,2233
krill,5635
outdo,1455
owing,22
lapel,329
petal,4104
moist,2681
latte,1121
mealy,2019
learn,649
papal,6515
palsy,3382
paste,368
lefty,1332
moron,2154
noise,5123
naive,5590
nudge,1200
ocean,154
payer,1868
parry,1957
penne,273
olden,451
libel,2410
petty,328
piety,321
neigh,2713
piece,6730
pique,1380
piper,1071
melon,7247
place,735
liner,3831
opine,4617
loath,550
patsy,5051
loopy,169
pecan,218
mound,7198
niece,3829
micro,2148
plaza,1584
lowly,788
lunge,474
plump,1118
perky,1769
photo,171
noisy,2664
piney,1515
minim,3354
pixel,392
modal,237
mucky,4892
mushy,30
plank,1979
polka,4417
nurse,3171
pluck,484
plaid,10104
plead,85
nasal,2569
lyric,6485
month,3748
ought,8709
magma,585
motif,503
octal,2438
pouch,2657
older,549
poise,2900
ovine,1223
mange,1180
opium,257
poser,356
march,874
nerve,3021
paint,1157
mouth,2818
parer,1013
patch,143
ninja,1544
peach,335
price,3868
noose,536
plunk,6239
ounce,4654
prawn,6330
mummy,5513
maxim,6869
media,115
primo,337
ovoid,477
polyp,847
prism,1352
nylon,2369
proud,2078
pudgy,1242
metal,4604
puree,428
mimic,281
prong,4857
odder,3077
paler,5075
miser,420
myrrh,5887
perch,5883
prune,898
pupal,325
phone,820
navel,1624
molar,2098
pilot,958
parka,2398
patio,55
quail,3372
morph,814
queer,161
mount,133
pearl,847
ombre,3531
putty,3105
quilt,1328
pound,9445
pithy,2489
mucus,2040
quash,1659
peril,2626
music,912
phony,939
pinch,346
plait,3008
orbit,4675
outer,1342
racer,5786
plied,2531
prick,5892
ralph,274
privy,335
prove,267
ratio,1010
realm,77
nasty,5524
pivot,4593
quick,6257
never,688
ninny,270
recut,1402
puffy,2006
nicer,11956
north,1013
nymph,115
relay,994
oddly,399
rerun,423
poesy,4727
nobly,1556
poppy,695
revue,1360
omega,2174
novel,2614
plane,6355
purer,5067
occur,183
quoth,6147
rigor,2579
quake,430
owner,9567
panel,297
raise,1178
order,2993
quell,1085
parse,751
power,4496
rapid,701
pried,370
often,3151
patty,1498
probe,1119
plier,3741
reach,1610
outgo,2714
proxy,1138
opera,1578
quirk,3286
rebut,1530
otter,451
radar,832
oxide,1652
ramen,106
overt,694
ratty,332
rearm,89
river,6180
pulse,1729
pedal,3205
roger,145
purse,195
pagan,1047
pesky,608
quark,553
quest,124
paper,354
panic,2286
point,4984
rouse,2191
rugby,20
pasty,2032
reedy,3620
porch,1778
safer,1539
piano,3421
peace,803
quota,2993
prank,779
rehab,5293
prime,643
prone,1209
party,5254
prude,500
radio,2839
relic,3760
salvo,3847
reset,192
pinky,4036
punch,971
saucy,695
pause,1896
penal,830
pixie,1466
scalp,1569
repay,5198
penny,6481
pushy,2903
rhino,6181
randy,13619
plant,75
quart,341
rinse,540
queue,719
plumb,982
retry,1674
quote,657
phase,1842
rainy,247
poker,909
rivet,1537
scent,2340
scorn,256
posit,882
pesto,3452
rogue,1442
picky,1010
piggy,2483
route,955
ruler,485
scrub,2697
preen,2388
saint,371
sandy,111
sense,730
sewer,228
pitch,2211
sauna,896
plain,636
print,2003
pleat,570
range,6239
shall,3348
plush,1697
proof,2355
scaly,4063
sharp,1111
pooch,1317
scion,271
sheik,233
shirk,99
pinto,7020
pizza,267
scour,520
scrum,366
pouty,1613
psalm,2995
sepia,1255
shack,11
shorn,2428
rayon,15012
pupil,2087
pride,2425
razor,7177
rebel,617
plate,4207
shrug,2455
sigma,567
rebus,1594
plume,1463
polar,155
shalt,4550
shave,452
posse,1583
prize,5080
prowl,325
pulpy,184
refit,5544
press,2146
sixth,4530
purge,647
rifle,20345
riser,37
qualm,356
skulk,618
robot,653
renal,1523
regal,5838
query,1342
quite,387
rouge,2056
radii,1288
shelf,7191
retch,2655
slate,4492
royal,2272
renew,2939
shirt,1665
pygmy,11922
ranch,2464
raven,256
slide,1463
rebar,103
prior,6704
quasi,1282
retro,1916
short,1913
ridge,707
quiet,1375
rabbi,95
risen,423
robin,173
rural,3772
shuck,1715
refer,3322
silky,635
rajah,1749
rider,6720
salsa,1837
sloth,4810
small,225
rotor,2543
prose,4852
pubic,389
smite,608
puppy,185
riper,1805
remit,3252
sixty,3293
rower,2143
rupee,251
skull,1047
roast,2192
quack,2646
snake,2983
rarer,4924
react,124
snipe,404
satin,4594
recap,276
salon,1922
queen,1144
savvy,778
roost,1823
reign,871
quill,1662
sassy,2979
resin,7341
slave,7718
soapy,7668
savoy,586
sooth,622
slime,929
slump,314
rabid,1634
repel,1747
scare,1620
rowdy,2275
rally,793
rhyme,3032
scarf,2597
rumor,1094
reuse,2461
scoop,1672
raspy,2545
ready,241
scrap,1538
right,2246
recur,1815
scone,4963
segue,709
sally,4154
spank,7111
sappy,547
setup,898
scram,1366
ripen,6274
roach,164
smart,8331
smith,259
relax,3109
shake,2463
shard,813
risky,5145
seedy,3879
serve,309
reply,2715
speed,5234
rocky,1806
sheep,2434
savor,5993
scant,198
shine,262
scold,272
spied,1783
rough,2158
scowl,1277
sedan,373
ruddy,605
spire,1728
snaky,7497
snoop,38
serum,1194
rusty,1063
revel,5222
shook,3761
sober,1214
roomy,9574
shaft,6586
rigid,1707
salty,2217
sooty,1226
showy,2075
spare,269
shape,1518
shady,3329
rival,1292
rodeo,233
siege,1983
spool,5967
spell,3105
sheen,2660
satyr,3708
round,2855
spunk,1633
spiel,1048
shank,3662
spite,77
shift,1255
rover,5887
spoon,595
scald,1795
shear,989
rumba,1398
singe,3971
spurn,1886
shied,2155
scary,2351
shone,3188
ruder,4068
shock,547
stage,4596
skill,2958
shown,1926
scope,2558
staid,3224
stamp,1768
sadly,3301
salad,6102
shove,4855
slang,3967
slept,1435
scree,4329
saner,2792
stave,5155
stand,5633
saute,1423
shush,3691
shyly,7354
seize,2719
stead,1461
salve,6130
stein,301
sauce,1026
seven,1329
stint,1255
since,2399
sinew,2187
scale,938
scene,53
skiff,536
score,175
sloop,5546
slush,79
skier,1074
scamp,3934
shaky,1932
slain,1538
stood,2456
screw,1913
stove,1021
semen,726
sleet,1242
slink,188
steer,7009
slack,2695
slurp,173
share,2427
scoff,2803
sever,928
sleep,1077
smell,1468
shale,1645
smelt,5292
stuff,2973
stink,2801
shark,506
stony,582
stout,310
study,147
smote,1841
smoky,2942
sugar,859
sling,3997
sheet,2587
sneak,1500
sheer,6371
suing,3951
scout,6957
sneer,3222
shire,12
shiny,19
shore,194
shrub,31
surer,1359
shoot,1079
slunk,2206
snout,2536
smear,1604
surge,3864
sight,3571
smoke,566
swath,3241
swear,789
snarl,488
swine,420
scuba,5439
swill,1832
snort,1985
serif,1609
sissy,3002
snowy,7080
shrew,5977
sieve,131
solid,5377
south,237
sworn,2955
swore,2374
shade,1719
solar,2081
shame,653
tacit,714
spawn,1980
spent,133
skirt,3193
shawl,936
slash,448
spill,786
tamer,1510
sound,2322
tasty,116
siren,3952
spoil,697
shell,1238
shoal,263
solve,5310
tacky,4642
spout,1062
teeth,1594
skimp,1560
spasm,2081
slick,2932
shout,1860
shunt,131
squat,2479
silly,1338
stake,331
slosh,2283
tango,3422
stark,1047
spend,3504
spiky,65
steam,143
sower,5366
speak,183
stiff,1162
stoke,1416
skate,4137
split,2895
skunk,298
sport,806
smack,4732
squad,356
sleek,1196
sperm,3275
slimy,937
tatty,5822
slant,9353
tempo,393
stair,1896
terra,10036
slung,1049
these,318
smash,442
stare,1308
smock,747
steal,502
smirk,3689
slice,3123
thong,2853
snail,1332
store,8477
stick,3610
terse,5807
spilt,7102
stray,308
theta,224
spoke,184
sniff,2523
slope,3866
snuff,1660
thumb,4732
tilde,199
stunk,3018
spray,3085
sonic,2168
stoic,4761
squib,1928
sully,2300
stoop,1239
today,3029
snare,10611
swami,1411
thorn,6743
stale,1802
straw,1337
snore,811
spade,3060
topic,1540
towel,411
sweet,2119
slyly,9143
trail,2217
soggy,2917
trend,93
stung,3126
speck,3164
swish,2015
smile,1190
sulky,1477
sushi,199
thump,5600
sorry,2236
spicy,2301
snack,1562
spark,530
spelt,304
start,7270
sweep,2196
timer,2068
swirl,834
steed,1250
spiny,3398
spike,2987
still,1218
splat,391
toddy,3025
spook,1391
sprig,171
torch,619
staff,524
synod,3511
stall,433
syrup,8050
tower,821
snide,9186
trite,12180
spore,6956
stole,8117
taint,347
snuck,543
state,658
sonar,543
spurt,1331
stain,25
steep,1145
taken,1858
stork,1768
strip,51
tapir,841
teach,573
tense,27
stank,1977
theft,182
train,4130
truer,4038
triad,877
tubal,1156
troll,883
thigh,2620
sting,4709
taper,6450
stunt,5170
truly,1442
tawny,1050
tenor,152
sumac,795
tuber,787
tweak,405
thank,778
twang,3359
swamp,1292
threw,4057
space,9212
swell,970
spear,236
steak,7399
spice,407
stone,4941
stern,529
tying,3091
swoon,1420
story,635
thief,3861
stock,1780
undid,1847
twixt,4853
three,1166
tabby,1885
stuck,2383
unlit,1087
tiara,2184
taker,2564
stool,3155
suave,2752
under,3652
tibia,7416
tardy,1399
titan,392
teary,1634
tipsy,3793
spine,8788
tonal,58
tenth,332
tonga,2534
spoof,1080
total,365
super,3834
unity,3600
their,1215
spree,382
thing,133
strap,4938
throb,110
swash,439
torus,1752
tidal,334
stump,835
upset,7823
tithe,598
trace,1699
trash,34
utile,344
swift,1495
tonic,568
upper,2690
toxin,2568
sword,1250
vapid,1559
trice,1809
verse,276
suite,2527
stack,3734
taboo,765
totem,2216
talon,387
tramp,1397
stalk,1183
tribe,708
trope,41
trout,2510
vinyl,2388
truss,154
taste,2341
trunk,2369
usurp,5618
vital,3230
tulle,1664
tweet,121
ulcer,322
tumor,4967
track,6867
valve,3037
unfed,1209
surly,8322
trawl,967
sweat,162
twice,1119
swing,55
trick,220
vomit,3085
unset,991
swung,304
stash,7383
steel,157
urine,651
trove,999
wagon,1288
stilt,851
vague,1157
taffy,2180
ultra,2906
verge,3672
villa,109
trust,2058
vault,1299
waver,2432
verve,492
viper,457
vista,1497
welch,1683
teddy,11154
stomp,4249
voila,1919
vixen,2159
unfit,5089
tangy,5480
tunic,4997
whelp,4422
tepid,7355
wager,28
untie,79
taunt,381
twine,919
umbra,26
water,1033
usage,923
vouch,1653
there,1912
whisk,1982
storm,3653
unify,2771
until,269
strut,1092
third,2750
valet,3967
thrum,695
tight,304
toast,432
weird,5275
style,1814
waive,4929
width,4588
sunny,259
topaz,1232
tough,29
usher,3642
valid,594
wheel,2866
trade,1876
vegan,1642
tenet,10501
vaunt,5615
whirl,1674
video,1281
wiser,4701
testy,508
vicar,433
weary,5176
virus,460
thick,628
treat,3032
wooer,1210
tripe,44
truck,138
swarm,6938
swept,196
vodka,3071
vying,10
viral,4100
vocal,319
warty,1002
vowel,5
those,4017
tryst,4278
waltz,1153
tutor,881
weave,794
swoop,4361
table,396
tally,146
worth,6380
wench,7402
wedge,3167
whale,115
tarot,420
widow,8621
whack,2042
thyme,4135
which,2373
timid,1337
tease,2375
wrest,3197
windy,3450
whiff,3142
twist,5484
yacht,1523
whole,2658
uncut,930
unite,767
wight,1193
unzip,923
tepee,4480
while,7141
witch,2186
token,6159
woody,4973
woozy,897
whose,2165
worst,624
zonal,5160
wimpy,612
wound,1146
woken,458
world,187
wrack,586
torso,3105
theme,4753
toxic,561
trait,180
usual,5555
trial,917
whoop,9611
willy,90
wrong,2464
value,1514
young,377
witty,1083
think,3043
venue,1135
wordy,712
woven,338
troop,2564
vigor,1531
trump,1002
tulip,176
wreck,8811
write,2715
throw,4038
tiger,132
wrist,9405
tweed,2643
visor,3274
udder,179
wryly,1872
title,1236
voice,2605
yeast,6079
yield,7802
zesty,296
tooth,446
undue,868
touch,1320
unmet,2110
wafer,3168
urban,3056
watch,3770
utter,1237
weigh,2036
vapor,3749
verso,51
tract,9456
wheat,2401
tread,263
tried,489
whiny,690
wider,620
truce,1795
winch,1871
women,1180
viola,5495
worse,1957
truth,9248
turbo,1449
wreak,7173
twirl,2101
wrung,3236
vivid,12179
voter,2591
zebra,4058
uncle,8137
union,1356
waist,5204
waxen,1121
unwed,1780
welsh,921
using,774
valor,284
where,648
white,770
venom,2812
vigil,862
wield,2954
wispy,269
visit,1453
vogue,1262
wacky,781
wooly,3094
waste,455
weedy,96
would,1043
wharf,917
wring,644
whine,1710
yearn,1710
widen,1864
wince,347
woman,3467
worry,1954
wrath,110
wrote,1726
youth,4291
